<quiz>
  <question type="category">
    <name>
      <text>Q000</text>
    </name>
    <category>
      <text>$course$/test_moodleQ</text>
    </category>
  </question>
  <question type="description">
    <name>
      <text>Q001</text>
    </name>
    <questiontext format="html">
      <text><![CDATA[
<p>This is an inline equation:  \[ \alpha = 2*\beta \] </p>
<p>This equation is in a different line</p>
\( \alpha = \frac{2}{\beta} \)
  ]]></text>
    </questiontext>
    <format>html</format>
  </question>
  <question type="description">
    <name>
      <text>Q002</text>
    </name>
    <questiontext format="markdown">
      <text><![CDATA[
 This is an inline equation:  \[ \alpha = 2*\beta \] 
  
 This equation is in a different line
 
 \( \alpha = \frac{2}{\beta} \)
  ]]></text>
    </questiontext>
    <format>markdown</format>
  </question>
</quiz>