<quiz>
  <question type="category">
    <name>
      <text>Q000</text>
    </name>
    <category>
      <text>$course$/test_moodleQ</text>
    </category>
  </question>
  <question type="description">
    <name>
      <text>Q001</text>
    </name>
    <questiontext format="html">
      <text><![CDATA[
<h1>Heading #1</h1>
<h2>Heading #2</h2>
<bold>bold text </bold>
<i>italic</i>
<u><li>one</li> <li>two</li></u>
<p> Lorem ipsum dolor sit amet, consectetur adipiscing elit. Nunc id fringilla diam, id lobortis eros. Quisque consequat ultricies enim, nec interdum nisl dignissim sit amet. Pellentesque quis erat non odio cursus porta </p>
  ]]></text>
    </questiontext>
    <format>html</format>
  </question>
  <question type="description">
    <name>
      <text>Q002</text>
    </name>
    <questiontext format="markdown">
      <text><![CDATA[
#Heading #1

##Heading #2

**bold text**
*italic*

* one
* two

Lorem ipsum dolor sit amet, consectetur adipiscing elit. Nunc id fringilla diam, id lobortis eros. Quisque consequat ultricies enim, nec interdum nisl dignissim sit amet. Pellentesque quis erat non odio cursus porta
  ]]></text>
    </questiontext>
    <format>markdown</format>
  </question>
</quiz>