<quiz>
  <question type="category">
    <name>
      <text>Q000</text>
    </name>
    <category>
      <text>$course$/test_moodleQ</text>
    </category>
  </question>
  <question type="multichoice">
    <name>
      <text>Q001</text>
    </name>
    <questiontext>
      <text><![CDATA[This is the question text]]></text>
    </questiontext>
    <defaultgrade>1</defaultgrade>
    <penalty>0</penalty>
    <hidden>0</hidden>
    <synchronize>2</synchronize>
    <single>true</single>
    <answernumbering>abc</answernumbering>
    <shuffleanswers>1</shuffleanswers>
    <unitgradingtype>0</unitgradingtype>
    <unitpenalty>0.1</unitpenalty>
    <showunits>3</showunits>
    <unitsleft>0</unitsleft>
    <format>html</format>
    <answer fraction="100" format="html">
      <text><![CDATA[Answer #1]]></text>
    </answer>
    <answer fraction="0" format="html">
      <text><![CDATA[Answer #2]]></text>
    </answer>
    <answer fraction="0" format="html">
      <text><![CDATA[Answer #3]]></text>
    </answer>
  </question>
  <question type="description">
    <name>
      <text>Q003</text>
    </name>
    <questiontext>
      <text><![CDATA[This is a very long question text explaining interesting things]]></text>
    </questiontext>
    <format>html</format>
  </question>
  <question type="truefalse">
    <name>
      <text>P005</text>
    </name>
    <questiontext>
      <text><![CDATA[This is a question text for true/false questions]]></text>
    </questiontext>
    <answer fraction="100">
      <text><![CDATA[true]]></text>
    </answer>
    <answer fraction="0">
      <text><![CDATA[false]]></text>
    </answer>
  </question>
  <question type="shortanswer">
    <name>
      <text>P006</text>
    </name>
    <questiontext>
      <text><![CDATA[This is a question text for shoranswer questions]]></text>
    </questiontext>
    <answer fraction="100">
      <text><![CDATA[This is the right answer]]></text>
    </answer>
    <answer fraction="90">
      <text><![CDATA[This is the ALMOST right answer]]></text>
    </answer>
  </question>
  <question type="numerical">
    <name>
      <text>P007</text>
    </name>
    <questiontext>
      <text><![CDATA[This is a question text for numerical questions]]></text>
    </questiontext>
    <answer fraction="100">
      <text>17</text>
    </answer>
  </question>
</quiz>