<quiz>
  <question type="category">
    <name>
      <text>P001</text>
    </name>
    <category>
      <text>$course$/pruebas_moodleQ</text>
    </category>
  </question>
  <question type="multichoice">
    <name>
      <text>P002</text>
    </name>
    <questiontext format="markdown">
      <text><![CDATA[Esto es el enunciado 1]]></text>
    </questiontext>
    <defaultgrade>1</defaultgrade>
    <penalty>0</penalty>
    <hidden>0</hidden>
    <synchronize>2</synchronize>
    <single>true</single>
    <answernumbering>abc</answernumbering>
    <shuffleanswers>1</shuffleanswers>
    <unitgradingtype>0</unitgradingtype>
    <unitpenalty>0.1</unitpenalty>
    <showunits>3</showunits>
    <unitsleft>0</unitsleft>
    <format>markdown</format>
    <answer fraction="100" format="markdown">
      <text><![CDATA[Answer1.1]]></text>
    </answer>
    <answer fraction="0" format="markdown">
      <text><![CDATA[Answer1.2]]></text>
    </answer>
    <answer fraction="0" format="markdown">
      <text><![CDATA[Answer1.3]]></text>
    </answer>
  </question>
  <question type="multichoice">
    <name>
      <text>P003</text>
    </name>
    <questiontext format="markdown">
      <text><![CDATA[Esto es el enunciado 2]]></text>
    </questiontext>
    <defaultgrade>1</defaultgrade>
    <penalty>0</penalty>
    <hidden>0</hidden>
    <synchronize>2</synchronize>
    <single>true</single>
    <answernumbering>abc</answernumbering>
    <shuffleanswers>1</shuffleanswers>
    <unitgradingtype>0</unitgradingtype>
    <unitpenalty>0.1</unitpenalty>
    <showunits>3</showunits>
    <unitsleft>0</unitsleft>
    <format>markdown</format>
    <answer fraction="100" format="markdown">
      <text><![CDATA[Answer2.1]]></text>
    </answer>
    <answer fraction="0" format="markdown">
      <text><![CDATA[Answer2.2]]></text>
    </answer>
    <answer fraction="0" format="markdown">
      <text><![CDATA[Answer2.3]]></text>
    </answer>
    <answer fraction="0" format="markdown">
      <text><![CDATA[Answer2.4]]></text>
    </answer>
  </question>
  <question type="multichoice">
    <name>
      <text>P004</text>
    </name>
    <questiontext format="markdown">
      <text><![CDATA[Esto es el enunciado 1]]></text>
    </questiontext>
    <defaultgrade>1</defaultgrade>
    <penalty>0</penalty>
    <hidden>0</hidden>
    <synchronize>2</synchronize>
    <single>true</single>
    <answernumbering>abc</answernumbering>
    <shuffleanswers>1</shuffleanswers>
    <unitgradingtype>0</unitgradingtype>
    <unitpenalty>0.1</unitpenalty>
    <showunits>3</showunits>
    <unitsleft>0</unitsleft>
    <format>markdown</format>
    <answer fraction="100" format="markdown">
      <text><![CDATA[Answer3.1]]></text>
    </answer>
    <answer fraction="0" format="markdown">
      <text><![CDATA[Answer3.2]]></text>
    </answer>
  </question>
  <question type="category">
    <name>
      <text>P005</text>
    </name>
    <category>
      <text>$course$/pruebas_moodleQ2</text>
    </category>
  </question>
  <question type="multichoice">
    <name>
      <text>P006</text>
    </name>
    <questiontext format="markdown">
      <text><![CDATA[Esto es el enunciado 1]]></text>
    </questiontext>
    <defaultgrade>1</defaultgrade>
    <penalty>0</penalty>
    <hidden>0</hidden>
    <synchronize>2</synchronize>
    <single>true</single>
    <answernumbering>abc</answernumbering>
    <shuffleanswers>1</shuffleanswers>
    <unitgradingtype>0</unitgradingtype>
    <unitpenalty>0.1</unitpenalty>
    <showunits>3</showunits>
    <unitsleft>0</unitsleft>
    <format>markdown</format>
    <answer fraction="100" format="markdown">
      <text><![CDATA[Answer1.1]]></text>
    </answer>
    <answer fraction="0" format="markdown">
      <text><![CDATA[Answer1.2]]></text>
    </answer>
    <answer fraction="0" format="markdown">
      <text><![CDATA[Answer1.3]]></text>
    </answer>
  </question>
  <question type="multichoice">
    <name>
      <text>P007</text>
    </name>
    <questiontext format="markdown">
      <text><![CDATA[Esto es el enunciado 2]]></text>
    </questiontext>
    <defaultgrade>1</defaultgrade>
    <penalty>0</penalty>
    <hidden>0</hidden>
    <synchronize>2</synchronize>
    <single>true</single>
    <answernumbering>abc</answernumbering>
    <shuffleanswers>1</shuffleanswers>
    <unitgradingtype>0</unitgradingtype>
    <unitpenalty>0.1</unitpenalty>
    <showunits>3</showunits>
    <unitsleft>0</unitsleft>
    <format>markdown</format>
    <answer fraction="100" format="markdown">
      <text><![CDATA[Answer2.1]]></text>
    </answer>
    <answer fraction="0" format="markdown">
      <text><![CDATA[Answer2.2]]></text>
    </answer>
    <answer fraction="0" format="markdown">
      <text><![CDATA[Answer2.3]]></text>
    </answer>
    <answer fraction="0" format="markdown">
      <text><![CDATA[Answer2.4]]></text>
    </answer>
  </question>
  <question type="multichoice">
    <name>
      <text>P008</text>
    </name>
    <questiontext format="markdown">
      <text><![CDATA[Esto es el enunciado 1]]></text>
    </questiontext>
    <defaultgrade>1</defaultgrade>
    <penalty>0</penalty>
    <hidden>0</hidden>
    <synchronize>2</synchronize>
    <single>true</single>
    <answernumbering>abc</answernumbering>
    <shuffleanswers>1</shuffleanswers>
    <unitgradingtype>0</unitgradingtype>
    <unitpenalty>0.1</unitpenalty>
    <showunits>3</showunits>
    <unitsleft>0</unitsleft>
    <format>markdown</format>
    <answer fraction="100" format="markdown">
      <text><![CDATA[Answer3.1]]></text>
    </answer>
    <answer fraction="0" format="markdown">
      <text><![CDATA[Answer3.2]]></text>
    </answer>
  </question>
</quiz>