<quiz>
  <question type="category">
    <name>
      <text>Q000</text>
    </name>
    <category>
      <text>$course$/test_moodleQ</text>
    </category>
  </question>
  <question type="calculated">
    <name>
      <text>P001</text>
    </name>
    <questiontext format="html">
      <text><![CDATA[
  with the numbers: A = {A} and B = {B}
  
  
  Calculate: A + B]]></text>
    </questiontext>
    <defaultgrade>1</defaultgrade>
    <penalty>0</penalty>
    <hidden>0</hidden>
    <synchronize>2</synchronize>
    <single>true</single>
    <answernumbering>abc</answernumbering>
    <shuffleanswers>1</shuffleanswers>
    <answer fraction="100">
      <text>{C}</text>
      <tolerance>0.001</tolerance>
      <tolerancetype>2</tolerancetype>
      <correctanswerformat>1</correctanswerformat>
      <correctanswerlength>3</correctanswerlength>
    </answer>
    <dataset_definitions>
      <dataset_definition>
        <status>
          <text>shared</text>
        </status>
        <name>
          <text>A</text>
        </name>
        <type>calculated</type>
        <itemcount>2</itemcount>
        <number_of_items>2</number_of_items>
        <dataset_items>
          <dataset_item>
            <number>1</number>
            <value>1</value>
          </dataset_item>
          <dataset_item>
            <number>2</number>
            <value>4</value>
          </dataset_item>
        </dataset_items>
      </dataset_definition>
      <dataset_definition>
        <status>
          <text>shared</text>
        </status>
        <name>
          <text>B</text>
        </name>
        <type>calculated</type>
        <itemcount>2</itemcount>
        <number_of_items>2</number_of_items>
        <dataset_items>
          <dataset_item>
            <number>1</number>
            <value>3</value>
          </dataset_item>
          <dataset_item>
            <number>2</number>
            <value>2</value>
          </dataset_item>
        </dataset_items>
      </dataset_definition>
      <dataset_definition>
        <status>
          <text>shared</text>
        </status>
        <name>
          <text>C</text>
        </name>
        <type>calculated</type>
        <itemcount>2</itemcount>
        <number_of_items>2</number_of_items>
        <dataset_items>
          <dataset_item>
            <number>1</number>
            <value>4</value>
          </dataset_item>
          <dataset_item>
            <number>2</number>
            <value>6</value>
          </dataset_item>
        </dataset_items>
      </dataset_definition>
    </dataset_definitions>
  </question>
  <question type="calculated">
    <name>
      <text>P002</text>
    </name>
    <questiontext format="html">
      <text><![CDATA[Calculate A * B]]></text>
    </questiontext>
    <defaultgrade>1</defaultgrade>
    <penalty>0</penalty>
    <hidden>0</hidden>
    <synchronize>2</synchronize>
    <single>true</single>
    <answernumbering>abc</answernumbering>
    <shuffleanswers>1</shuffleanswers>
    <answer fraction="100">
      <text>{D}</text>
      <tolerance>0.001</tolerance>
      <tolerancetype>2</tolerancetype>
      <correctanswerformat>1</correctanswerformat>
      <correctanswerlength>3</correctanswerlength>
    </answer>
    <dataset_definitions>
      <dataset_definition>
        <status>
          <text>shared</text>
        </status>
        <name>
          <text>D</text>
        </name>
        <type>calculated</type>
        <itemcount>2</itemcount>
        <number_of_items>2</number_of_items>
        <dataset_items>
          <dataset_item>
            <number>1</number>
            <value>3</value>
          </dataset_item>
          <dataset_item>
            <number>2</number>
            <value>8</value>
          </dataset_item>
        </dataset_items>
      </dataset_definition>
    </dataset_definitions>
  </question>
  <question type="calculated">
    <name>
      <text>P001</text>
    </name>
    <questiontext format="html">
      <text><![CDATA[
Calcule A - B. 
<hr>
<p>Write in the answer box the number of the right statement:</p>
<u>
<li><b>1</b> = The result is positive</li>
<li><b>2</b> = The result is negative</li>
</u>  
  ]]></text>
    </questiontext>
    <defaultgrade>1</defaultgrade>
    <penalty>0</penalty>
    <hidden>0</hidden>
    <synchronize>2</synchronize>
    <single>true</single>
    <answernumbering>abc</answernumbering>
    <shuffleanswers>1</shuffleanswers>
    <answer fraction="100">
      <text>{E}</text>
      <tolerance>0.001</tolerance>
      <tolerancetype>2</tolerancetype>
      <correctanswerformat>1</correctanswerformat>
      <correctanswerlength>3</correctanswerlength>
    </answer>
    <dataset_definitions>
      <dataset_definition>
        <status>
          <text>shared</text>
        </status>
        <name>
          <text>E</text>
        </name>
        <type>calculated</type>
        <itemcount>2</itemcount>
        <number_of_items>2</number_of_items>
        <dataset_items>
          <dataset_item>
            <number>1</number>
            <value>2</value>
          </dataset_item>
          <dataset_item>
            <number>2</number>
            <value>1</value>
          </dataset_item>
        </dataset_items>
      </dataset_definition>
    </dataset_definitions>
  </question>
</quiz>