<quiz>
  <question type="multichoice">
    <name>
      <text>P001</text>
    </name>
    <questiontext>
      <text><![CDATA[This is the question text]]></text>
    </questiontext>
    <defaultgrade>1</defaultgrade>
    <penalty>0</penalty>
    <hidden>0</hidden>
    <synchronize>2</synchronize>
    <single>true</single>
    <answernumbering>abc</answernumbering>
    <shuffleanswers>1</shuffleanswers>
    <unitgradingtype>0</unitgradingtype>
    <unitpenalty>0.1</unitpenalty>
    <showunits>3</showunits>
    <unitsleft>0</unitsleft>
    <format>html</format>
    <answer fraction="100" format="html">
      <text><![CDATA[Answer #1]]></text>
    </answer>
    <answer fraction="0" format="html">
      <text><![CDATA[Answer #2]]></text>
    </answer>
    <answer fraction="0" format="html">
      <text><![CDATA[Answer #3]]></text>
    </answer>
  </question>
</quiz>