<quiz>
  <question type="category">
    <name>
      <text>P000</text>
    </name>
    <category>
      <text>$course$/ejemplo1</text>
    </category>
  </question>
  <question type="calculated">
    <name>
      <text>P001</text>
    </name>
    <questiontext format="markdown">
      <text><![CDATA[
With this vector: {DATA}

Calculate the mean:
  ]]></text>
    </questiontext>
    <defaultgrade>1</defaultgrade>
    <penalty>0</penalty>
    <hidden>0</hidden>
    <synchronize>2</synchronize>
    <single>true</single>
    <answernumbering>abc</answernumbering>
    <shuffleanswers>1</shuffleanswers>
    <format>markdown</format>
    <answer fraction="100">
      <text>{MEAN}</text>
      <tolerance>0.001</tolerance>
      <tolerancetype>2</tolerancetype>
      <correctanswerformat>1</correctanswerformat>
      <correctanswerlength>3</correctanswerlength>
    </answer>
    <dataset_definitions>
      <dataset_definition>
        <status>
          <text>shared</text>
        </status>
        <name>
          <text>DATA</text>
        </name>
        <type>calculated</type>
        <itemcount>10</itemcount>
        <number_of_items>10</number_of_items>
        <dataset_items>
          <dataset_item>
            <number>1</number>
            <value>"7, 3, 9, 9, 7, 1, 7, 3, 5, 1"</value>
          </dataset_item>
          <dataset_item>
            <number>2</number>
            <value>"8, 6, 10, 4, 1, 9, 2, 5, 4, 10"</value>
          </dataset_item>
          <dataset_item>
            <number>3</number>
            <value>"4, 3, 6, 10, 8, 2, 5, 5, 10, 6"</value>
          </dataset_item>
          <dataset_item>
            <number>4</number>
            <value>"10, 5, 3, 9, 2, 4, 2, 7, 4, 1"</value>
          </dataset_item>
          <dataset_item>
            <number>5</number>
            <value>"2, 10, 1, 3, 1, 3, 10, 4, 3, 9"</value>
          </dataset_item>
          <dataset_item>
            <number>6</number>
            <value>"1, 6, 3, 3, 3, 7, 6, 7, 6, 10"</value>
          </dataset_item>
          <dataset_item>
            <number>7</number>
            <value>"8, 7, 5, 7, 10, 4, 6, 4, 8, 1"</value>
          </dataset_item>
          <dataset_item>
            <number>8</number>
            <value>"1, 10, 2, 2, 8, 10, 8, 2, 1, 2"</value>
          </dataset_item>
          <dataset_item>
            <number>9</number>
            <value>"10, 8, 6, 7, 10, 8, 8, 10, 7, 3"</value>
          </dataset_item>
          <dataset_item>
            <number>10</number>
            <value>"4, 10, 6, 7, 9, 7, 1, 2, 5, 7"</value>
          </dataset_item>
        </dataset_items>
      </dataset_definition>
      <dataset_definition>
        <status>
          <text>shared</text>
        </status>
        <name>
          <text>MEAN</text>
        </name>
        <type>calculated</type>
        <itemcount>10</itemcount>
        <number_of_items>10</number_of_items>
        <dataset_items>
          <dataset_item>
            <number>1</number>
            <value>5.2</value>
          </dataset_item>
          <dataset_item>
            <number>2</number>
            <value>5.9</value>
          </dataset_item>
          <dataset_item>
            <number>3</number>
            <value>5.9</value>
          </dataset_item>
          <dataset_item>
            <number>4</number>
            <value>4.7</value>
          </dataset_item>
          <dataset_item>
            <number>5</number>
            <value>4.6</value>
          </dataset_item>
          <dataset_item>
            <number>6</number>
            <value>5.2</value>
          </dataset_item>
          <dataset_item>
            <number>7</number>
            <value>6</value>
          </dataset_item>
          <dataset_item>
            <number>8</number>
            <value>4.6</value>
          </dataset_item>
          <dataset_item>
            <number>9</number>
            <value>7.7</value>
          </dataset_item>
          <dataset_item>
            <number>10</number>
            <value>5.8</value>
          </dataset_item>
        </dataset_items>
      </dataset_definition>
    </dataset_definitions>
  </question>
  <question type="calculated">
    <name>
      <text>P002</text>
    </name>
    <questiontext format="html">
      <text><![CDATA[
    Calculate the standard deviation:]]></text>
    </questiontext>
    <defaultgrade>1</defaultgrade>
    <penalty>0</penalty>
    <hidden>0</hidden>
    <synchronize>2</synchronize>
    <single>true</single>
    <answernumbering>abc</answernumbering>
    <shuffleanswers>1</shuffleanswers>
    <answer fraction="100">
      <text>{SD}</text>
      <tolerance>0.001</tolerance>
      <tolerancetype>2</tolerancetype>
      <correctanswerformat>1</correctanswerformat>
      <correctanswerlength>3</correctanswerlength>
    </answer>
    <dataset_definitions>
      <dataset_definition>
        <status>
          <text>shared</text>
        </status>
        <name>
          <text>SD</text>
        </name>
        <type>calculated</type>
        <itemcount>10</itemcount>
        <number_of_items>10</number_of_items>
        <dataset_items>
          <dataset_item>
            <number>1</number>
            <value>3.04776785350999</value>
          </dataset_item>
          <dataset_item>
            <number>2</number>
            <value>3.24722103412201</value>
          </dataset_item>
          <dataset_item>
            <number>3</number>
            <value>2.7264140062238</value>
          </dataset_item>
          <dataset_item>
            <number>4</number>
            <value>3.05686840482943</value>
          </dataset_item>
          <dataset_item>
            <number>5</number>
            <value>3.62705880232945</value>
          </dataset_item>
          <dataset_item>
            <number>6</number>
            <value>2.65832027165025</value>
          </dataset_item>
          <dataset_item>
            <number>7</number>
            <value>2.58198889747161</value>
          </dataset_item>
          <dataset_item>
            <number>8</number>
            <value>3.86436713231718</value>
          </dataset_item>
          <dataset_item>
            <number>9</number>
            <value>2.16281709300111</value>
          </dataset_item>
          <dataset_item>
            <number>10</number>
            <value>2.85968141193696</value>
          </dataset_item>
        </dataset_items>
      </dataset_definition>
    </dataset_definitions>
  </question>
  <question type="calculated">
    <name>
      <text>P003</text>
    </name>
    <questiontext format="html">
      <text><![CDATA[
    Calculate the median:]]></text>
    </questiontext>
    <defaultgrade>1</defaultgrade>
    <penalty>0</penalty>
    <hidden>0</hidden>
    <synchronize>2</synchronize>
    <single>true</single>
    <answernumbering>abc</answernumbering>
    <shuffleanswers>1</shuffleanswers>
    <answer fraction="100">
      <text>{MEDIAN}</text>
      <tolerance>0.001</tolerance>
      <tolerancetype>2</tolerancetype>
      <correctanswerformat>1</correctanswerformat>
      <correctanswerlength>3</correctanswerlength>
    </answer>
    <dataset_definitions>
      <dataset_definition>
        <status>
          <text>shared</text>
        </status>
        <name>
          <text>MEDIAN</text>
        </name>
        <type>calculated</type>
        <itemcount>10</itemcount>
        <number_of_items>10</number_of_items>
        <dataset_items>
          <dataset_item>
            <number>1</number>
            <value>6</value>
          </dataset_item>
          <dataset_item>
            <number>2</number>
            <value>5.5</value>
          </dataset_item>
          <dataset_item>
            <number>3</number>
            <value>5.5</value>
          </dataset_item>
          <dataset_item>
            <number>4</number>
            <value>4</value>
          </dataset_item>
          <dataset_item>
            <number>5</number>
            <value>3</value>
          </dataset_item>
          <dataset_item>
            <number>6</number>
            <value>6</value>
          </dataset_item>
          <dataset_item>
            <number>7</number>
            <value>6.5</value>
          </dataset_item>
          <dataset_item>
            <number>8</number>
            <value>2</value>
          </dataset_item>
          <dataset_item>
            <number>9</number>
            <value>8</value>
          </dataset_item>
          <dataset_item>
            <number>10</number>
            <value>6.5</value>
          </dataset_item>
        </dataset_items>
      </dataset_definition>
    </dataset_definitions>
  </question>
</quiz>
