<?xml version="1.0" encoding="UTF-8"?>
<quiz>
<!-- question: 42  -->
  <question type="description">
    <name>
      <text>xxx</text>
    </name>
    <questiontext format="markdown">
      <text>## New format

Inline equation: \( \alpha = 2*\beta \)

\[ \alpha = 2*\beta \]



## Classical format

Inline equation $ \alpha = 2*\beta $

$$ \alpha = 2*\beta $$</text>
    </questiontext>
    <generalfeedback format="moodle_auto_format">
      <text></text>
    </generalfeedback>
    <defaultgrade>0</defaultgrade>
    <penalty>0</penalty>
    <hidden>0</hidden>
    <idnumber></idnumber>
  </question>


<!-- question: 42  -->
  <question type="description">
    <name>
      <text>yyy</text>
    </name>
    <questiontext format="html">
      <text>## New format

Inline equation: \( \alpha = 2*\beta \)

\[ \alpha = 2*\beta \]



## Classical format

Inline equation $ \alpha = 2*\beta $

$$ \alpha = 2*\beta $$</text>
    </questiontext>
    <generalfeedback format="moodle_auto_format">
      <text></text>
    </generalfeedback>
    <defaultgrade>0</defaultgrade>
    <penalty>0</penalty>
    <hidden>0</hidden>
    <idnumber></idnumber>
  </question>
</quiz>
